{"a72b4c8de1613d184d385292604fb616": "To convert the budget from AUD to CAD, we can use a rough exchange rate. As of my last knowledge update, the exchange rate is approximately 1 AUD = 0.90 CAD. However, please check the latest rates for accuracy.\n\nUsing this approximate exchange rate:\n\n- Minimum budget in CAD: 10 AUD * 0.90 = 9 CAD\n- Maximum budget in CAD: 30 AUD * 0.90 = 27 CAD\n\nSince the budget range provided is between $10-30 AUD, it can be considered as a fixed rate.\n\nHere is the response in the requested JSON format:\n\n```json\n{\n    \"min_budget_cad\": 9.0,\n    \"max_budget_cad\": 27.0,\n    \"rate_type\": \"fixed\"\n}\n```", "25cad310a02aff039ca6f069b53a5737": "```json\n{\n    \"fit\": true,\n    \"reasons\": \"The freelancer has extensive experience in programming and a strong skill set in various programming languages, particularly Python, which is commonly used for data scraping. They have a proven track record of tackling complex technical projects and possess the necessary problem-solving skills, attention to detail, and communication abilities required for efficient data scraping. Their adaptability and willingness to embrace challenges further align with the job's requirements.\"\n}\n```", "85053516cb5a3cf46856c4a0a00746f8": "```json\n{\n    \"estimated_time\": \"100 hours\",\n    \"assumptions\": \"The estimate assumes that the freelancer will be scraping data from 5 different websites, each requiring approximately 15 hours of work for setup, scraping, and data cleaning. Additionally, it factors in time for communication with the client and any revisions needed based on preliminary results. The estimate is based on the assumption that the websites do not have complex anti-scraping measures and that the data is structured in a way that makes it accessible.\"\n}\n```", "0b24145daa72b8baaa5fa06d98d6a318": "To convert USD to CAD, let's use an approximate exchange rate of 1 USD = 1.35 CAD (note that exchange rates fluctuate, so this is just an estimate).\n\nNow, we'll convert the budget:\n\n- Min budget in CAD: 30 USD * 1.35 \u2248 40.5 CAD\n- Max budget in CAD: 250 USD * 1.35 \u2248 337.5 CAD\n\nSince you specified a budget range, we can consider it a fixed rate.\n\nHere is the response in the requested JSON format:\n\n```json\n{\n    \"min_budget_cad\": 40.5,\n    \"max_budget_cad\": 337.5,\n    \"rate_type\": \"fixed\"\n}\n```", "50d1dcc83b58a889b57c7545585fd8a7": "```json\n{\n    \"fit\": true,\n    \"reasons\": \"The freelancer has extensive experience in programming, including proficiency in Python, which is commonly used for bot development. Their background in creating interactive applications and games demonstrates the ability to implement features such as sending messages, stickers, and GIFs. Additionally, the freelancer's familiarity with network setup and remote operation aligns with the requirement for the bot to be run on a remote machine. Overall, the freelancer's skills and experience make them well-suited for this Telegram bot project.\"\n}\n```", "2e52e4d9e86478056533af3e98a250b6": "```json\n{\n    \"estimated_time\": \"150 hours\",\n    \"assumptions\": \"The estimate assumes that the freelancer is already familiar with the Telegram Bot API and has experience in creating bots with the capability to manage multiple user accounts. The time includes the design, coding, testing, and deployment phases, as well as incorporating features for sending messages, stickers, and GIFs. It also factors in the need for frequent message distribution and ensuring the bot operates effectively on a remote machine. Additionally, a portion of the time is allocated for debugging and optimizing the bot's performance.\"\n}\n```", "0c6de521b072d49cc0fc956fd0f851b8": "To convert the budget from INR to CAD, we first need to know the current exchange rate. As of my last training cut-off in October 2023, the exchange rate was approximately 1 INR = 0.016 CAD. Please note that exchange rates fluctuate over time.\n\nUsing this rate:\n\n- Minimum budget: \u20b9100 INR * 0.016 CAD/INR = \u20b91.6 CAD\n- Maximum budget: \u20b9150 INR * 0.016 CAD/INR = \u20b92.4 CAD\n\nSince the rate is specified per hour, it is an hourly rate.\n\nHere is the response in the required JSON format:\n\n```json\n{\n    \"min_budget_cad\": 1.6,\n    \"max_budget_cad\": 2.4,\n    \"rate_type\": \"hourly\"\n}\n```", "adee15d7c29181ef82c6e0112192f885": "```json\n{\n    \"fit\": true,\n    \"reasons\": \"The freelancer has extensive experience in programming, including proficiency in VB.Net, which is essential for customizing AnyDesk. Their background in custom software development and strong problem-solving skills align well with the requirements of adding custom functionality. Additionally, the freelancer's knowledge of network security and their diverse technical expertise, including cross-platform development, make them a suitable candidate for this project.\"\n}\n```", "0a03a74582ad666cf30d62a430b35d83": "```json\n{\n    \"estimated_time\": \"150 hours\",\n    \"assumptions\": \"The estimate assumes that the developer has prior knowledge of AnyDesk and VB.Net, which will expedite the initial understanding phase. The time includes researching and designing custom functionalities, implementing them, and testing for compatibility across different operating systems. Security considerations will also be integrated throughout the development process, which may require additional time for thorough testing and validation. The estimate does not account for potential delays due to unforeseen technical challenges or extensive feature requests.\"\n}\n```", "91447ee354abcf99544bd76c23ef55e4": "[Your Name]  \n[Your Address]  \n[City, State, Zip]  \n[Email Address]  \n[Phone Number]  \n[Date]  \n\n[Recipient's Name]  \n[Company's Name]  \n[Company's Address]  \n[City, State, Zip]  \n\nDear [Recipient's Name],\n\nI am writing to express my interest in the project to customize AnyDesk using VB.Net. With 35 years of coding experience and a strong background in various programming languages, including VB.Net, I am confident in my ability to tailor AnyDesk to meet your specific business needs.\n\nMy extensive experience in custom software development has equipped me with the skills necessary to create custom features that enhance productivity. I have worked on diverse projects that demonstrate my problem-solving abilities and innovative approach, such as developing AI systems and mobile applications that require a solid understanding of functionality and security\u2014critical aspects for a remote access solution like AnyDesk.\n\nTo approach your project, I will begin by conducting a thorough analysis of AnyDesk's capabilities and identifying your specific requirements. I will then prioritize integrating custom features while ensuring cross-platform compatibility and robust security measures. My familiarity with network security will guide my development process to create a secure yet user-friendly solution.\n\nI am enthusiastic about the opportunity to collaborate on this project and contribute to your business's success. I am available for further discussions and look forward to the possibility of working together.\n\nThank you for considering my application.\n\nSincerely,  \n[Your Name]", "90efc713043dd2a7ce31e9324aeefbce": "To convert the budget from Indian Rupees (INR) to Canadian Dollars (CAD), let's use an approximate exchange rate of 1 INR = 0.016 CAD (as of the latest data available).\n\n1. Convert the minimum budget:\n   - \u20b912,500 INR * 0.016 CAD/INR = \u20b9200 CAD (approximately)\n\n2. Convert the maximum budget:\n   - \u20b937,500 INR * 0.016 CAD/INR = \u20b9600 CAD (approximately)\n\nAssuming the budget is for a project or service, it is typically a fixed rate.\n\nHere\u2019s the JSON response:\n\n```json\n{\n    \"min_budget_cad\": 200.0,\n    \"max_budget_cad\": 600.0,\n    \"rate_type\": \"fixed\"\n}\n```", "0ab79c93a4e58534ccceed13b57b43fe": "```json\n{\n    \"fit\": true,\n    \"reasons\": \"The freelancer's extensive experience in software development, proficiency in multiple programming languages, and strong problem-solving skills align well with the job requirements. Their creative mindset and ability to adapt to client needs further support their suitability for developing custom software tailored to personal use.\"\n}\n```", "f1ea42d403dcbf11abd0d6ace0124f5b": "```json\n{\n    \"estimated_time\": \"150 hours\",\n    \"assumptions\": \"This estimate assumes a moderate complexity for the custom software, with initial requirements gathering, design, development, and testing phases. It considers time for communication and collaboration to refine features based on client feedback, as well as potential iterations to ensure the software is user-friendly and meets the client's vision. The estimate may vary based on the final scope and specific functionalities required.\"\n}\n```", "4110f48328dc18e1e075e34023b997a7": "To convert the budget from INR to CAD, we can use the approximate exchange rate of 1 INR = 0.014 CAD (this rate may vary). \n\nLet's calculate:\n\n- Minimum budget: \u20b9600 * 0.014 CAD/INR = 8.4 CAD\n- Maximum budget: \u20b91500 * 0.014 CAD/INR = 21.0 CAD\n\nSince the budget is provided as a range and does not specify hourly or fixed, we will classify it as a \"fixed\" rate for this context.\n\nHere is the JSON response:\n\n```json\n{\n    \"min_budget_cad\": 8.4,\n    \"max_budget_cad\": 21.0,\n    \"rate_type\": \"fixed\"\n}\n```", "fbdab905e4b79f7a1c6d48c7f184ff03": "```json\n{\n    \"fit\": true,\n    \"reasons\": \"The freelancer has extensive programming experience and a strong background in various programming languages, including those relevant for API integration and spreadsheet automation. Their expertise in problem-solving, database design, and application development aligns well with the requirements of sourcing real-time stock quotes and additional metrics from an API. Additionally, their experience with technology and programming, combined with a passion for challenging projects, makes them well-suited for this task.\"\n}\n```", "e71fcc69645833085ef3517ff63707f0": "```json\n{\n    \"estimated_time\": \"40 hours\",\n    \"assumptions\": \"The estimated time assumes that the developer has prior experience in integrating APIs with Excel/Google Sheets and is familiar with stock market data. The integration of the Kotak Securities API is straightforward and well-documented, allowing for efficient implementation. Additional time is allocated for testing, debugging, and ensuring accuracy of data retrieval, as well as creating formulas for real-time updates. The scope includes setting up multiple stock metrics as specified in the job description.\"\n}\n```", "aa9fdb334d55b982a0620ae210896e50": "```json\n{\n    \"fit\": true,\n    \"reasons\": \"The freelancer has extensive programming experience and proficiency in multiple languages, including PHP, which is essential for upgrading the PhP project. Their problem-solving skills and background in technical support make them well-suited to address ongoing errors in the WhatsApp chatbot. Additionally, their experience in moving and setting up code on servers aligns with the job requirements.\"\n}\n```", "71da8b57c11f81950566c08bfa4e66d3": "```json\n{\n    \"estimated_time\": \"40 hours\",\n    \"assumptions\": \"The estimate assumes that the PHP project is relatively small to medium-sized and that the developer has experience with both PHP upgrades and WhatsApp chatbot integrations. The time includes 10 hours for the upgrade process, 20 hours for diagnosing and fixing the chatbot errors, and 10 hours for moving and setting up the code on the server. It also assumes that all necessary resources and access to the server and codebase are readily available.\"\n}\n```", "473981a8c0ce260c83da77239db8398e": "```json\n{\n    \"fit\": false,\n    \"reasons\": \"The freelancer's profile primarily focuses on programming and technical skills, with extensive experience in software development, game design, and technical support. However, there is no specific mention of video editing experience, particularly in creating vlogs, which is a key requirement for the job. The job requires storytelling through personal experiences in video format, an area not covered by the freelancer's skill set.\"\n}\n```", "dc014861e5b57a7a4cd637c92550edec": "To convert the budget from USD to CAD, we'll use an approximate exchange rate of 1 USD = 1.36 CAD (this rate may vary). \n\nNow, let's calculate the minimum and maximum budget in CAD and determine the rate type:\n\n- Minimum budget in CAD: 10 USD * 1.36 = 13.6 CAD\n- Maximum budget in CAD: 30 USD * 1.36 = 40.8 CAD\n\nGiven that the budget range is provided as a total amount, it is considered a fixed rate.\n\nHere is the response in the requested JSON format:\n\n```json\n{\n    \"min_budget_cad\": 13.6,\n    \"max_budget_cad\": 40.8,\n    \"rate_type\": \"fixed\"\n}\n```", "10fb75312af7a738be0f077cc8af21d9": "To convert the budget from INR to CAD, we need to use the approximate exchange rate. As of my last training data, the exchange rate was roughly 1 INR = 0.016 CAD. However, exchange rates fluctuate, and you should verify the current rate for precise conversion. For this example, let's use the conversion rate of 0.016 CAD for calculation.\n\nHere's the conversion:\n\n- Minimum budget: \u20b91500 INR * 0.016 CAD/INR = \u20b924 CAD (approximately)\n- Maximum budget: \u20b912500 INR * 0.016 CAD/INR = \u20b9200 CAD (approximately)\n\nSince the budget is specified as a range and does not indicate an hourly or fixed nature, we will assume it to be a fixed rate for this example.\n\nNow, here is the response in the requested JSON format:\n\n```json\n{\n    \"min_budget_cad\": 24.0,\n    \"max_budget_cad\": 200.0,\n    \"rate_type\": \"fixed\"\n}\n```", "dbd57670b37fd354a0dfd98e537c5e5c": "```json\n{\n    \"fit\": true,\n    \"reasons\": \"The freelancer has extensive programming experience, particularly in Python, and a strong background in deep learning, which includes working with complex architectures like transformers and MLPs. Their problem-solving skills and familiarity with various technologies align well with the requirements for enhancing a medical image segmentation model. Additionally, their experience with diverse projects demonstrates adaptability and capability in tackling challenging tasks, making them a suitable candidate for the job.\"\n}\n```", "b878d9e18208b3de11dbe1f28b4b52ed": "```json\n{\n    \"estimated_time\": \"300 hours\",\n    \"assumptions\": \"The estimated time includes thorough analysis of the existing model, experimentation with new architectures and hyperparameters, implementation of advanced augmentation techniques, and extensive validation on the specified datasets (ISIC, Synapse, ACDC). It also accounts for potential iterations based on results and debugging. The complexity of improving the mean Dice score from 83 to 84 given prior attempts, along with the need for detailed documentation and testing, justifies the higher estimate.\"\n}\n```", "5c1e36774e3c7c0b9434391b7c614c9d": "```json\n{\n    \"fit\": false,\n    \"reasons\": \"The freelancer's profile highlights extensive experience in programming and software development, but it lacks specific mention of server administration, configuration, and optimization skills particularly related to cPanel and CloudLinux. While the freelancer has a strong technical background, the job requires specialized expertise in server management and website performance optimization, which is not explicitly demonstrated in the provided experience.\"\n}\n```", "f09ea3d7bce5a0a57670dc4f8422813f": "To convert the budget from INR to CAD, we need to use a conversion rate. As of my last knowledge update, the exchange rate is approximately 1 INR = 0.016 CAD. However, please verify the latest exchange rate for accuracy.\n\nUsing the approximate rate:\n\n- Minimum budget in CAD: 15,000 INR * 0.016 CAD/INR = 240 CAD\n- Maximum budget in CAD: 20,000 INR * 0.016 CAD/INR = 320 CAD\n\nAssuming the budget is for a project and not specified as hourly work, I will classify it as a fixed rate.\n\nHere\u2019s the JSON response:\n\n```json\n{\n    \"min_budget_cad\": 240.0,\n    \"max_budget_cad\": 320.0,\n    \"rate_type\": \"fixed\"\n}\n```", "399d721c9713d92579dcff3990ce12d5": "```json\n{\n    \"fit\": true,\n    \"reasons\": \"The freelancer has extensive programming experience, particularly in Python and JavaScript, which are essential for Django and React.js development. They have a strong background in e-commerce website development and integrating payment gateways, alongside a rich history of tackling complex programming tasks. Their adaptability and problem-solving skills further indicate they can effectively customize and enhance the pre-existing codebase as required.\"\n}\n```", "ed75cf0ad3729b823c3b7443c5cd1ac4": "```json\n{\n    \"estimated_time\": \"120 hours\",\n    \"assumptions\": \"The estimation is based on the assumption that the pre-existing codebase is well-structured and has most of the required functionalities in place. It assumes the developer is familiar with both Django and React.js, which should expedite the customization process. The time includes setting up the environment, customizing the existing code, integrating payment gateways, and ensuring the website is user-friendly and responsive. Additional time may be needed for testing and debugging, which is accounted for in the total hours.\"\n}\n```", "519958f6d568f0eb3b526467ce5379b6": "```json\n{\n    \"min_budget_cad\": 10.0,\n    \"max_budget_cad\": 30.0,\n    \"rate_type\": \"fixed\"\n}\n```", "17310b9f9f3238f6ce938c8a71fa64d6": "```json\n{\n    \"fit\": true,\n    \"reasons\": \"The freelancer has extensive experience in hardware and software installation, which includes technical support and user assistance. Their background in programming and problem-solving, combined with a hands-on approach to technology, makes them well-suited to assist with the setup and driver installation of the Oki C711WT printer.\"\n}\n```", "b23c80fa55610fe8ba3713ba596e1fc5": "```json\n{\n    \"estimated_time\": \"1 hour\",\n    \"assumptions\": \"It is assumed that the user has basic computer skills and access to necessary resources, such as the printer's manual and drivers. The estimated time includes downloading and installing the printer driver, connecting the printer to the computer, and performing initial setup tasks. Additional complexities, such as network configurations or troubleshooting, are not included in this estimate.\"\n}\n```", "fcffca68c1c8331f334d0e37eb2eb2bc": "To convert the budget from Indian Rupees (INR) to Canadian Dollars (CAD), we need to use an approximate exchange rate. As of the last available data, 1 INR is approximately 0.016 CAD. \n\nNow, let's do the conversion for both the minimum and maximum budgets:\n\n- Minimum budget: \u20b9600 INR * 0.016 CAD/INR = \u20b99.6 CAD\n- Maximum budget: \u20b91000 INR * 0.016 CAD/INR = \u20b916 CAD\n\nSince the budget is presented as a range, it is typically considered a fixed rate unless specified otherwise.\n\nHere\u2019s the response in the requested JSON format:\n\n```json\n{\n    \"min_budget_cad\": 9.6,\n    \"max_budget_cad\": 16.0,\n    \"rate_type\": \"fixed\"\n}\n```", "926c5dd779b083072b20d78ddf678218": "```json\n{\n    \"fit\": true,\n    \"reasons\": \"The freelancer has extensive experience in web development, coding, and programming languages relevant to the job, including HTML, JavaScript, and ASP.NET. Their background in creating responsive applications and understanding of user-friendly design principles aligns well with the requirement to convert the existing website into a fully responsive mini shopping site. Furthermore, their adaptability and innovative approach demonstrate their capability to consider future e-commerce features, making them a strong fit for this project.\"\n}\n```", "e28e1bad05e624e2713921a0af33bf5a": "```json\n{\n    \"estimated_time\": \"80 hours\",\n    \"assumptions\": \"The estimate is based on the assumption that the existing website is relatively straightforward and does not contain overly complex features. It includes time for analyzing the current site structure, implementing responsive design techniques, testing across various devices, and making any necessary adjustments. Additional time for future e-commerce integration has not been included, as the current focus is solely on responsiveness.\"\n}\n```", "5ebb06a47c66ee34e1679e6ef6b6eba6": "To convert the budget from EUR to CAD, we need to use a typical exchange rate. As of my last knowledge update in October 2023, the exchange rate approximate is 1 EUR = 1.45 CAD. (Please check current rates for accuracy).\n\nUsing this rate:\n\n- Minimum budget: 30 EUR * 1.45 = 43.5 CAD\n- Maximum budget: 250 EUR * 1.45 = 362.5 CAD\n\nGiven that the presented budget amount is within a fixed range and does not specify an hourly wage, we will consider it a fixed rate.\n\nHere is the response in the requested JSON format:\n\n```json\n{\n    \"min_budget_cad\": 43.5,\n    \"max_budget_cad\": 362.5,\n    \"rate_type\": \"fixed\"\n}\n```", "8675389b6f9a4bc5153170d13e345c8a": "```json\n{\n    \"fit\": true,\n    \"reasons\": \"The freelancer has extensive programming experience, particularly in server management and technical support, which is crucial for the smooth upgrade and migration of a CentOS server. Their background in problem-solving, software installation, and user support aligns well with the requirements of ensuring that all websites function properly post-upgrade.\"\n}\n```", "6daddad1271857934b4e8cd826d285d0": "```json\n{\n    \"estimated_time\": \"15-20 hours\",\n    \"assumptions\": \"The estimation assumes that the server environment is stable, backup procedures are in place, and all websites are functioning correctly before the upgrade. It includes time for planning, testing the migration process in a staging environment, performing the actual upgrade, troubleshooting any issues that arise, and verifying the functionality of all websites post-upgrade. The time may vary depending on the complexity of the websites, the number of sites, and the specific requirements of the newer CentOS version and CPANEL.\"\n}\n```", "ccd9a471d43b55cd10c96d5ab4138e7b": "[Your Name]  \n[Your Address]  \n[City, State, Zip]  \n[Email Address]  \n[Phone Number]  \n[Date]  \n\n[Recipient's Name]  \n[Company/Organization Name]  \n[Company Address]  \n[City, State, Zip]  \n\nDear [Recipient's Name],\n\nI am writing to express my interest in the position of ensuring a seamless upgrade and migration of your CentOS v7.9.2009 server to a newer version compatible with CPANEL. With over 35 years of coding experience and a strong background in technology and programming, I am confident in my ability to handle this project effectively.\n\nMy extensive experience in programming and technical support allows me to adapt quickly to various environments and troubleshoot efficiently. I have successfully managed numerous projects that involved server upgrades and migrations, ensuring that all systems and websites function properly post-upgrade. My hands-on experience with server configurations, database management, and networking will be invaluable in this task.\n\nTo approach the upgrade and migration, I plan to conduct a thorough assessment of your current server setup and websites. I will create a detailed migration plan that includes backups, testing environments, and rollback procedures to mitigate any risks. I will ensure that all dependencies are addressed and monitor the system closely throughout the process to guarantee a smooth transition.\n\nI am enthusiastic about the opportunity to work on this project and am eager to contribute my skills to ensure a successful migration. I am available at your earliest convenience for further discussion and look forward to the possibility of collaborating with you.\n\nThank you for considering my application.\n\nSincerely,  \n[Your Name]", "0ae62c43c649839d7662c866f495face": "### Step-by-Step Plan for Upgrading and Migrating CentOS Server\n\n#### Step 1: Preliminary Assessment\n1. **Inventory Current System**\n   - Document the current server specifications (CPU, RAM, Disk Space).\n   - List all installed software and services.\n   - Identify all hosted websites and their configurations.\n\n2. **Check CPANEL Compatibility**\n   - Review the CPANEL documentation to confirm the compatible CentOS versions for upgrades.\n   - Ensure that your current version of CPANEL is compatible with the targeted new version of CentOS.\n\n3. **Backup Current Data**\n   - Perform a complete backup of all websites, databases, and configuration files.\n   - Use CPANEL\u2019s backup feature to create a full backup of accounts.\n   - Store backups in multiple locations (local and remote storage).\n\n#### Step 2: Prepare for Migration\n1. **Update Current System**\n   - Update all packages on the current CentOS 7.9 system to the latest version using:\n     ```bash\n     yum update -y\n     ```\n\n2. **Check Disk Space**\n   - Ensure that there is sufficient disk space available on the server for the upgrade process.\n   - Clean up unnecessary files, logs, and older backups if needed.\n\n3. **Document Current Configurations**\n   - Take note of all custom configurations, firewall settings, and any third-party applications.\n\n#### Step 3: Choose the Target Version\n1. **Select the New CentOS Version**\n   - Choose a version of CentOS that is stable and supported by CPANEL (e.g., CentOS 8 or 9).\n   \n2. **Research Required Changes**\n   - Identify any major changes in the new version that may affect current server configurations or applications.\n\n#### Step 4: Upgrade the Server\n1. **Plan Downtime**\n   - Schedule a maintenance window when website traffic is low for the upgrade process.\n\n2. **Perform the Upgrade**\n   - If moving to CentOS 8, use the `centos-upgrade-tool` or the `dnf` command to upgrade. Follow the official CentOS upgrade documentation:\n     ```bash\n     dnf install epel-release\n     dnf upgrade --installonly\n     ```\n\n3. **Reboot the Server**\n   - Reboot the server to apply changes and ensure all services start properly.\n\n#### Step 5: Post-Upgrade Verification\n1. **Verify System Integrity**\n   - Check system logs for any errors or issues.\n   - Verify that all services are running", "f27eb741966d567619fc36843842ba51": "To convert the budget from EUR to CAD, we'll use an approximate exchange rate of 1 EUR = 1.45 CAD (as of my last training data in October 2023). \n\nNow, let's perform the conversion:\n\n- Minimum budget: \u20ac8 EUR * 1.45 = \u20ac11.60 CAD\n- Maximum budget: \u20ac30 EUR * 1.45 = \u20ac43.50 CAD\n\nSince the budget is presented as a range, we will categorize it as a \"fixed\" rate.\n\nHere is the response in the requested JSON format:\n\n```json\n{\n    \"min_budget_cad\": 11.60,\n    \"max_budget_cad\": 43.50,\n    \"rate_type\": \"fixed\"\n}\n```", "174373bd39df291a89c1cbb4f99b4776": "```json\n{\n    \"fit\": true,\n    \"reasons\": \"The freelancer has extensive programming experience and proficiency in multiple languages, including Python and JavaScript, which are essential for developing an app or extension for Miravia. Their background in application development, database design, and problem-solving aligns well with the requirements of creating a tool to analyze sales data and product research. Additionally, the freelancer's innovative approach and experience in various technology projects demonstrate their capability to handle the complexity of the job.\"\n}\n```", "5bdd3c6294e679639b6cb9a5e5b551be": "```json\n{\n    \"estimated_time\": \"300 hours\",\n    \"assumptions\": \"The estimate assumes that the project involves developing a comprehensive app or extension that mimics the functionality of existing tools like Helium 10 or LiveScrapers, specifically tailored for Miravia. This includes backend development for data scraping and analysis, frontend development for user interface, as well as extensive testing and debugging. The research on the top 250 best-selling products in each category is assumed to involve both automated data collection and manual validation to ensure accuracy, which adds to the time. It is also assumed that the necessary APIs or data sources for Miravia are accessible and that the project will require a team of developers, including a project manager and a UI/UX designer.\"\n}\n```", "3fa57a0e791a6f1b11b625281d20e165": "```json\n{\n    \"fit\": true,\n    \"reasons\": \"The freelancer has significant experience in HTML and CSS, along with a strong background in programming and problem-solving. Their ability to refactor code and adhere to style guides aligns well with the job requirements. Additionally, their extensive history in various programming roles indicates they can effectively enhance website performance.\"\n}\n```", "8db26ee6a7f6b5f45529ce9383d831ae": "```json\n{\n    \"estimated_time\": \"40 hours\",\n    \"assumptions\": \"The estimate assumes that the website is of moderate complexity, consisting of around 10-15 pages, and that the code refactoring primarily involves optimizing the HTML structure and CSS styling without the need for significant redesign or additional features. It also assumes that the developer is familiar with the existing codebase and can efficiently implement the specified modifications according to the style guide.\"\n}\n```", "19c6066a260513e425e6fef13c588592": "{\n    \"fit\": false,\n    \"reasons\": \"The freelancer's profile primarily focuses on programming and technical skills, with no demonstrated experience or expertise in writing formal business letters or creating business funding request documents. While they have exceptional problem-solving abilities and a strong technical background, the specific skills required for crafting a compelling business funding request letter are not evident in their profile.\"\n}", "158180cb16af2d8526c47021b04d11a8": "To convert the budget from USD to CAD, we can use an approximate exchange rate of 1 USD = 1.36 CAD (as of the last available data). \n\nCalculating the conversion:\n\n- Minimum budget in CAD: 15 USD * 1.36 = 20.4 CAD\n- Maximum budget in CAD: 25 USD * 1.36 = 34.0 CAD\n\nSince the budget is specified as an hourly rate, the rate type will be \"hourly\".\n\nHere is the response in the requested JSON format:\n\n```json\n{\n    \"min_budget_cad\": 20.4,\n    \"max_budget_cad\": 34.0,\n    \"rate_type\": \"hourly\"\n}\n```", "3075c3332d14e4465b12cb2b392d777b": "```json\n{\n    \"fit\": false,\n    \"reasons\": \"The freelancer has extensive programming experience but lacks specific expertise in Ruby on Rails and API development, which are critical for the job. Additionally, while they have a strong background in various programming languages and problem-solving, there is no mention of relevant experience in user authentication systems or data processing and analytics, making them less suited for this particular role.\"\n}\n```", "b3797047a01c9ac63319f57c7a571760": "To convert the budget from USD to CAD, we can use a rough estimate of the exchange rate, which is approximately 1 USD = 1.36 CAD. Please note that exchange rates can vary.\n\nUsing this rate, we can calculate:\n\n- Minimum budget in CAD: \\( 750 \\, \\text{USD} \\times 1.36 \\approx 1020 \\, \\text{CAD} \\)\n- Maximum budget in CAD: \\( 1500 \\, \\text{USD} \\times 1.36 \\approx 2040 \\, \\text{CAD} \\)\n\nSince no explicit indication is provided regarding the nature of the budget, we will classify it as a \"fixed\" rate.\n\nHere is the resulting JSON output:\n\n```json\n{\n    \"min_budget_cad\": 1020.0,\n    \"max_budget_cad\": 2040.0,\n    \"rate_type\": \"fixed\"\n}\n```", "4cc890dc52dd85437b2b07ebbcf384d2": "```json\n{\n    \"fit\": false,\n    \"reasons\": \"The freelancer's profile emphasizes programming expertise and experience in various software development projects, but does not explicitly mention proficiency in VMware and HyperV, nor does it detail experience with virtual machine migration or handling data migration in virtual environments.\"\n}\n```", "0176e722bad1c55f0ef6a88e27e026ba": "```json\n{\n    \"fit\": true,\n    \"reasons\": \"The freelancer has extensive experience in programming and game development, which aligns well with the requirements of creating a mobile business simulation game like TradeMaster. Their background in various programming languages, including Python, C++, and game development, alongside a demonstrated ability to innovate and solve complex problems, makes them a strong candidate for this project.\"\n}\n```", "9cc06a1e9a2f96a7f9e83113166f2a27": "```json\n{\n    \"estimated_time\": \"1000 hours\",\n    \"assumptions\": \"The estimation includes time for concept development, design, programming, testing, and iterative feedback. It assumes a small to medium-sized development team working on the game, comprising roles such as game designer, programmer, artist, and tester. Each game feature (business types, financial tools, community features, etc.) is assumed to take an average of 40-60 hours for implementation and testing, with additional time for balancing gameplay and ensuring a smooth user experience.\"\n}\n```", "e5d006e477ff80f915f7305e67e55ef5": "To convert the budget from INR to CAD, let's use an approximate exchange rate of 1 INR = 0.016 CAD (please verify the current exchange rate for accuracy).\n\n1. Minimum budget in CAD:\n   \u20b9750 * 0.016 CAD/INR = \u20b912 CAD\n\n2. Maximum budget in CAD:\n   \u20b91250 * 0.016 CAD/INR = \u20b920 CAD\n\nSince the rate is provided as an hourly range, the rate type is \"hourly\".\n\nHere is the response in the requested JSON format:\n\n```json\n{\n    \"min_budget_cad\": 12.0,\n    \"max_budget_cad\": 20.0,\n    \"rate_type\": \"hourly\"\n}\n```", "e201896a70c8784941ccbb702b516b92": "```json\n{\n    \"fit\": false,\n    \"reasons\": \"The job requires a talented content creator focused on developing educational material, particularly written articles, while the freelancer's profile is primarily centered around programming and technical projects. There is no indication of content creation or writing experience in the freelancer's background.\"\n}\n```", "e286c1e00350bad57b60eb7e48090a1a": "```json\n{\n    \"fit\": true,\n    \"reasons\": \"The freelancer has extensive experience in web development, particularly in HTML, CSS, and JavaScript, which are essential skills for the job. Additionally, their proficiency in API integration aligns with the task of implementing a chatbot linked to the ChatGPT API. Their extensive programming background and ability to solve complex problems further supports their suitability for delivering a user-friendly chatbot solution.\"\n}\n```", "e62ff6c978197304baf2239cc1531269": "```json\n{\n    \"estimated_time\": \"120 hours\",\n    \"assumptions\": \"The estimated time is based on the assumption that the developer has intermediate experience in web development and familiarity with the ChatGPT API and Qualtrics integration. The tasks include recreating the article, designing and implementing a chat interface, and developing the functionality to send the conversation to Qualtrics. The breakdown of time is approximately 40 hours for article processing, 50 hours for chat interface development, and 30 hours for API integration and testing.\"\n}\n```", "beb2010a359442eab8c33a9203617cd5": "```json\n{\n    \"fit\": true,\n    \"reasons\": \"The freelancer has extensive programming experience and a strong background in AI and machine learning, which are crucial for understanding and writing about object detection algorithms. Their familiarity with various programming languages, particularly Python, suggests they can effectively communicate technical concepts. Additionally, their experience in developing AI for vehicles indicates a relevant understanding of traffic scene analysis, making them well-suited for crafting an engaging and informative article on the new algorithm.\"\n}\n```", "50702e745abd260295eab65a7015d98d": "```json\n{\n    \"estimated_time\": \"80 hours\",\n    \"assumptions\": \"This estimate assumes that the freelancer has a solid understanding of object detection in traffic scenes and can efficiently conduct research on the latest advancements in the field. It includes time for literature review (20 hours), drafting the article (40 hours), and revisions/edits (20 hours). The estimate also accounts for the need to simplify complex technical details for a general audience, ensuring clarity and engagement.\"\n}\n```", "1ba5028ab61381a6beed5c947ca1fe4c": "To convert USD to CAD, we need to use an approximate exchange rate. As of my last update, the exchange rate was roughly 1 USD = 1.35 CAD. However, exchange rates fluctuate, so it's advisable to check the current rate for the most accurate conversion. \n\nUsing the approximate rate of 1.35, we can convert the budget:\n\n- Minimum budget in CAD: $250 * 1.35 = $337.50\n- Maximum budget in CAD: $750 * 1.35 = $1,012.50\n\nSince the budget is provided as a range and does not specify an hourly rate, we will assume it is a fixed rate.\n\nHere\u2019s the response in the requested JSON format:\n\n```json\n{\n    \"min_budget_cad\": 337.50,\n    \"max_budget_cad\": 1012.50,\n    \"rate_type\": \"fixed\"\n}\n```", "1f6751874c57742470ac124aef876e23": "```json\n{\n    \"fit\": true,\n    \"reasons\": \"The freelancer has extensive programming experience across multiple languages including Python, which is commonly used for chatbot development. Their background in web programming and integration aligns well with the requirement for seamless website integration. Additionally, their experience in automation and AI development indicates that they can effectively implement automated responses, customize chatbot behavior, and provide real-time support, which meets the key tasks outlined in the job description.\"\n}\n```", "c91d74030a9283d9a17f0475db0882db": "```json\n{\n    \"estimated_time\": \"80 hours\",\n    \"assumptions\": \"The estimate assumes familiarity with Telegram Bot API and website integration processes, as well as experience with automating responses for chatbots. The time includes phases for requirement gathering, development, testing, and deployment. It is also assumed that the developer has prior experience which will streamline the process, and that the website's existing architecture supports integration with the chatbot. Additional time may be required for customization depending on user behavior analytics.\"\n}\n```", "5c40ceb1577284bf93081dbd58579915": "[Your Name]  \n[Your Address]  \n[City, State, Zip]  \n[Your Email]  \n[Your Phone Number]  \n[Date]  \n\n[Recipient Name]  \n[Company Name]  \n[Company Address]  \n[City, State, Zip]  \n\nDear [Recipient Name],\n\nI am writing to express my interest in the position of developing a Telegram chatbot for real-time support on your website. With over 35 years of programming experience, I have honed my skills in various languages, including Python and JavaScript, and have a proven track record in creating chatbots and seamless integrations.\n\nI believe I am an excellent fit for this project due to my extensive experience in chatbot development and customer service solutions. I have successfully completed projects that required automation and user customization, ensuring that users receive timely and relevant responses. My recent work with AI and natural language processing further equips me to create a responsive and efficient chatbot tailored to your users' needs.\n\nTo approach this task, I will first analyze your website's structure and user queries to identify common concerns. Then, I will develop the chatbot using Python along with the Telegram Bot API, focusing on providing automated responses while ensuring smooth integration into your website. This will allow for both efficiency and a personalized user experience.\n\nI am enthusiastic about the opportunity to contribute my skills to your project and would be delighted to discuss this further. I am available for a conversation at your earliest convenience.\n\nThank you for considering my application.\n\nSincerely,  \n[Your Name]", "7392e10fa080d38f0873aed914b27df9": "### Step-by-Step Plan for Developing a Telegram Chatbot for Website Support\n\n#### Step 1: Requirements Gathering\n- **Objective**: Clearly define the functionalities and features of the chatbot.\n    - Schedule a meeting with the client to discuss specific needs.\n    - Identify common queries users may have to inform the automated responses.\n    - Discuss customization preferences based on user behavior.\n\n#### Step 2: Technology Stack Selection\n- **Objective**: Choose the appropriate technologies for development.\n    - Select a programming language (e.g., Python, Node.js) suitable for Telegram bot development.\n    - Decide on a framework or library for Telegram bot creation (e.g., python-telegram-bot, Telegraf for Node.js).\n    - Choose a database for storing user interactions and preferences (e.g., MongoDB, PostgreSQL).\n\n#### Step 3: Design the Chatbot Architecture\n- **Objective**: Create a blueprint for the chatbot's functionalities.\n    - Define the interaction flow (e.g., initial greeting, options for users).\n    - Map out automated responses for common queries.\n    - Design the customization logic based on user behavior (e.g., user preferences, previous interactions).\n\n#### Step 4: Develop the Chatbot\n- **Objective**: Build the chatbot according to the design.\n    - Set up the development environment.\n    - Write code for the bot\u2019s core functionalities (e.g., handling messages, sending automated responses).\n    - Implement natural language processing (NLP) if necessary, for better understanding of user queries.\n\n#### Step 5: Create Website Integration\n- **Objective**: Ensure seamless integration of the chatbot into the website.\n    - Use Telegram\u2019s API to generate a bot token and set up a webhook for real-time messaging.\n    - Develop a front-end component (e.g., a chat widget) that allows users to interact with the Telegram bot directly from the website.\n    - Ensure that the bot can handle user redirection back to the website when necessary.\n\n#### Step 6: Implement User Customization Features\n- **Objective**: Allow the chatbot to adapt based on user behavior and preferences.\n    - Develop logic to track user interactions and preferences.\n    - Create a settings interface for users to customize their experience.\n    - Use stored data to modify responses and suggestions dynamically.\n\n#### Step 7: Testing\n- **Objective**: Ensure the chatbot works as intended without bugs.\n    - Conduct unit testing on individual components of the chatbot.\n    - Perform integration testing to confirm the chatbot interacts smoothly with", "fbb1612f861569fb23497fd67ff51787": "```json\n{\n    \"fit\": true,\n    \"reasons\": \"The job requires skills in voice assistant development, natural language processing, and user interaction design, all of which align with the freelancer's extensive programming background and experience in AI and application development. The freelancer's proficiency in Python, which is commonly used for such projects, further supports their fit for the role.\"\n}\n```", "cc3b6e67a47555d1e7b08f9bd48069bc": "Based on the job description provided for the Voice Assistant powered by the ChatGPT API, here\u2019s an analysis of the tasks involved and an estimated time to complete them, formatted in JSON:\n\n```json\n{\n    \"estimated_time\": \"400 hours\",\n    \"assumptions\": \"This estimate assumes a team of developers and designers will be working on the project. The time includes tasks such as: setting up the ChatGPT API for voice interaction (80 hours), developing natural language processing capabilities (60 hours), implementing a voice recognition system (70 hours), creating a user interface for customization (50 hours), developing the affection points and leveling system (60 hours), integrating a store for cosmetic purchases (40 hours), and conducting testing and quality assurance (40 hours). It is also assumed that there are no significant unforeseen challenges or additional features beyond the scope described.\"\n}\n```\n\n### Breakdown of Tasks:\n1. **Setting up the ChatGPT API for voice interaction (80 hours)**: Configuring the API and ensuring it can handle voice inputs and outputs effectively.\n2. **Developing natural language processing capabilities (60 hours)**: Enhancing the assistant's ability to understand and respond to various speech patterns and intents.\n3. **Implementing a voice recognition system (70 hours)**: Creating or integrating a voice recognition system to accurately capture user speech.\n4. **Creating a user interface for customization (50 hours)**: Designing an intuitive UI where users can select and customize the assistant's appearance.\n5. **Developing the affection points and leveling system (60 hours)**: Designing the mechanics for how users earn points and how they translate to experience and leveling up.\n6. **Integrating a store for cosmetic purchases (40 hours)**: Implementing a system for users to spend coins on cosmetics.\n7. **Conducting testing and quality assurance (40 hours)**: Ensuring that all features work as intended and providing a smooth user experience.\n\nThis estimate may vary based on the team's experience, the complexity of features, and potential iterations based on user feedback.", "16016f8e3f76a63933c6dc2ca866ef6d": "To convert the budget from INR to CAD, we need to use an approximate exchange rate. As of my last update, the exchange rate was roughly 1 INR = 0.016 CAD. However, exchange rates can fluctuate, so it\u2019s always a good idea to check the current rates.\n\nUsing the approximate exchange rate:\n\n- Minimum budget: \u20b975,000 INR * 0.016 CAD/INR = \u20b91,200 CAD\n- Maximum budget: \u20b9150,000 INR * 0.016 CAD/INR = \u20b92,400 CAD\n\nAssuming that the provided budget is typically used for a project or service, it would most likely be a fixed rate.\n\nHere\u2019s the response in the specified JSON format:\n\n```json\n{\n    \"min_budget_cad\": 1200.0,\n    \"max_budget_cad\": 2400.0,\n    \"rate_type\": \"fixed\"\n}\n```", "f2032fe8f5073255fcd6ec543bcda35e": "```json\n{\n    \"fit\": true,\n    \"reasons\": \"The freelancer has extensive programming experience, including proficiency in multiple relevant programming languages such as Python, C++, C#.net, HTML, and JavaScript. They also have a strong background in developing applications, including mobile software, which aligns with the requirement for mobile optimization. Additionally, their experience in integrating multimedia resources and working on various projects demonstrates their capability to develop the interactive online test platform. Their problem-solving skills and experience in testing and debugging further support their fit for this role.\"\n}\n```", "3195a8d251815b3554f7aa9e39f16bf0": "```json\n{\n    \"estimated_time\": \"400 hours\",\n    \"assumptions\": \"The estimate assumes a team of experienced developers working collaboratively over a period of 8-10 weeks. It includes time for project planning, design, development of each key feature, rigorous testing and debugging, and deployment. Each feature has been allocated an estimated number of hours based on complexity and the need for integration with existing systems. User authentication and the digital test-taking experience are prioritized due to their critical nature, while mobile optimization and multimedia integration are included to ensure a smooth user experience.\"\n}\n```", "3b5b04331e70cf03e75779bca98642e2": "To convert the budget from AUD to CAD, we'll use an approximate exchange rate. As of my last knowledge update, the exchange rate was roughly 1 AUD = 0.91 CAD. However, please check the latest rates for accuracy.\n\nUsing this rate:\n\n- Minimum budget in CAD: \\(30 \\text{ AUD} \\times 0.91 \\text{ CAD/AUD} = 27.3 \\text{ CAD}\\)\n- Maximum budget in CAD: \\(250 \\text{ AUD} \\times 0.91 \\text{ CAD/AUD} = 227.5 \\text{ CAD}\\)\n\nSince the budget is presented as a range, it suggests a fixed rate.\n\nHere\u2019s the response in the requested JSON format:\n\n```json\n{\n    \"min_budget_cad\": 27.3,\n    \"max_budget_cad\": 227.5,\n    \"rate_type\": \"fixed\"\n}\n```", "c75d10ea2a0f139ea0744ed0e95449df": "```json\n{\n    \"fit\": true,\n    \"reasons\": \"The job requires a skilled Python developer to create a cryptocurrency tradebot with a user-friendly GUI, which aligns well with the freelancer's extensive experience in Python programming and software development. Additionally, the freelancer's background in creating applications and understanding of complex systems positions them strongly for this project. Their familiarity with trading practices and previous work on various programming projects further supports their ability to successfully deliver the required functionalities.\"\n}\n```", "e6ec20aefaced87fdcf4c8cf8b5f19bf": "```json\n{\n    \"estimated_time\": \"120 hours\",\n    \"assumptions\": \"This estimate assumes that the developer is proficient in Python and has prior experience in creating cryptocurrency trading bots. The time includes phases such as requirement analysis, design and development of the tradebot logic, GUI development using Tkinter, integration with the Bitvavo API, testing, and implementing security measures. The estimate also accounts for potential iterations based on user feedback and debugging, as well as documentation and final deployment.\"\n}\n```", "ef1d893a6b19f0cf99e82ffb573202b9": "```json\n{\n    \"fit\": true,\n    \"reasons\": \"The freelancer has extensive programming experience, including proficiency in multiple relevant languages like Python and C#.net, which are suitable for developing cross-platform cryptocurrency software. They also have a strong background in software development and problem-solving, as well as experience with database management, which aligns with the requirements for wallet integration and transaction history logging. Additionally, their experience in innovative projects indicates they can handle complex tasks like access control security features.\"\n}\n```", "924e75d8391fbd949ab31c3fd0e00423": "```json\n{\n    \"estimated_time\": \"300 hours\",\n    \"assumptions\": \"This estimate assumes that the developer has prior experience with cryptocurrency software development, particularly with USDT. The time includes phases for research and design, development of wallet integration, creation of the transaction history log, implementation of access control features, and thorough testing across Windows, MacOS, and Linux platforms. Additionally, it accounts for potential debugging and refinements after initial testing.\"\n}\n```", "472ce352714c590a998c9b5b153935b7": "To convert the budget from NZD to CAD, we need to use an approximate exchange rate. As of my last knowledge update, the exchange rate can fluctuate, but a rough estimate is about 1 NZD = 0.85 CAD. This rate may vary, so it's always a good idea to check for the most current rate.\n\nUsing this exchange rate:\n\n- For the minimum budget:  \n  \\( 30 \\, \\text{NZD} \\times 0.85 \\, \\text{CAD/NZD} = 25.5 \\, \\text{CAD} \\)\n\n- For the maximum budget:  \n  \\( 60 \\, \\text{NZD} \\times 0.85 \\, \\text{CAD/NZD} = 51.0 \\, \\text{CAD} \\)\n\nGiven that the budget is expressed per hour, it is an hourly rate.\n\nHere\u2019s the response in the requested JSON format:\n\n```json\n{\n    \"min_budget_cad\": 25.5,\n    \"max_budget_cad\": 51.0,\n    \"rate_type\": \"hourly\"\n}\n```", "a392da2170172e1752e103f939af4bee": "```json\n{\n    \"fit\": true,\n    \"reasons\": \"The freelancer has extensive programming experience, including web programming and a background in various programming languages. Specifically, their skills in HTML, JavaScript, and Liquid coding, along with a strong understanding of Shopify's functionalities, make them well-suited for the task of displaying metafield content on a Shopify product page. Additionally, their attention to detail and experience with custom solutions indicates they can meet the styling requirements within the specified budget and time frame.\"\n}\n```", "7149a9bd3eba9f8ca5b7831b5b190f2b": "```json\n{\n    \"estimated_time\": \"0.5 hours\",\n    \"assumptions\": \"The task involves creating a custom tab on a Shopify product page to display content from a metafield rich text field. It is assumed that the metafield is already set up correctly in the Shopify admin and that the necessary Liquid code can be added to the product template without additional complications. The styling will be consistent with the existing product layout, requiring minimal adjustments. The task duration also assumes familiarity with the Shopify environment and Liquid code, enabling efficient implementation.\"\n}\n```", "1b37fe576f555ffdb1cc8195c26ff69e": "[Your Name]  \n[Your Address]  \n[City, State, Zip]  \n[Email Address]  \n[Phone Number]  \n[Date]  \n\nDear Hiring Manager,\n\nI am an experienced programmer with over 35 years in coding, specializing in various languages and technologies, including Shopify Liquid. My extensive background equips me with the skills necessary to efficiently integrate metafield content into your product page with precision and style.\n\nI am an ideal fit for this project due to my strong understanding of Shopify's metafield functionality and my proven track record of creating custom product page tabs. I pay meticulous attention to detail, ensuring that the styling of the metafield content aligns with the existing design, providing a seamless user experience.\n\nTo tackle your request, I will first access the product's metafield data, extracting the rich text content. I will then create a new tab on the product page and format the heading and paragraph accordingly, adhering to your site's styling guidelines. This will ensure that the content is visually appealing and consistent with the rest of the product information.\n\nI am excited about the opportunity to collaborate and enhance your Shopify store. I am available for further discussion and can start immediately to meet your timeline.\n\nThank you for considering my application.\n\nBest regards,\n\n[Your Name]", "f869316ac59057185821dc71a820c794": "### Step-by-Step Plan to Display Metafield Content on a Shopify Product Page\n\n#### 1. **Understand the Existing Product Template**\n   - Locate the theme you are using in the Shopify admin panel under **Online Store > Themes**.\n   - Identify the product template file, which is usually named `product.liquid` or located in the `sections` folder as `product-template.liquid`.\n\n#### 2. **Verify Metafield Setup**\n   - Ensure that the metafield for the product is properly set up in Shopify.\n   - Navigate to **Settings > Custom data > Metafields** and confirm that the metafield exists with the correct namespace and key.\n   - Check that the metafield type is set to 'rich text' to allow for headings and paragraphs.\n\n#### 3. **Modify the Product Template**\n   - Open the product template file in the code editor.\n   - Locate the section of the code where the product description is rendered (usually within a `{{ product.description }}` tag or similar).\n   - Identify where to insert the metafield content to create a new tab.\n\n#### 4. **Create a New Tab for Metafield Content**\n   - Add HTML for the new tab. This will typically involve modifying the navigation structure for the tabs on the product page.\n   - Example structure for tabs:\n     ```html\n     <ul class=\"tabs\">\n         <li class=\"tab-link current\" data-tab=\"tab-1\">Description</li>\n         <li class=\"tab-link\" data-tab=\"tab-2\">Metafield Content</li>\n     </ul>\n     <div id=\"tab-1\" class=\"tab-content current\">\n         {{ product.description }}\n     </div>\n     <div id=\"tab-2\" class=\"tab-content\">\n         <!-- Metafield content will go here -->\n     </div>\n     ```\n\n#### 5. **Fetch and Display the Metafield Content**\n   - Use Liquid code to output the metafield content within the new tab.\n   - Example code to retrieve and display the rich text metafield:\n     ```liquid\n     {% if product.metafields.namespace.key %}\n         <div class=\"rich-text-content\">\n             {{ product.metafields.namespace.key }}\n         </div>\n     {% endif %}\n     ```\n\n#### 6. **Style the New Tab**\n   - Ensure that the new tab matches the existing styling of the product page.\n   - Check the CSS classes already in use on the product page and", "cdc6239715f16d8cf2d799c5be32d910": "```json\n{\n    \"fit\": true,\n    \"reasons\": \"The freelancer has extensive programming experience, particularly in Python, which is essential for developing machine learning models. They also have a strong background in various programming languages and technologies, indicating adaptability and problem-solving skills. Although the freelancer's specific experience with Convolutional Neural Networks (CNNs) is not explicitly mentioned, their general expertise in AI and machine learning projects suggests they have the foundational knowledge to tackle image recognition tasks effectively.\"\n}\n```", "9f1e81969c97bb48013dc51f295b9af4": "```json\n{\n    \"estimated_time\": \"150 hours\",\n    \"assumptions\": \"The estimated time assumes the dataset is well-prepared and contains a sufficient number of labeled images for training. The time includes phases for data preprocessing (20 hours), model architecture design (20 hours), model training (40 hours), performance evaluation (30 hours), and analysis for improvements (40 hours). Additionally, it assumes familiarity with Python and libraries such as TensorFlow or PyTorch, which will facilitate the development process.\"\n}\n```", "976484caccf763a2771f8bd785405b7e": "To convert the budget from USD to CAD, we need to use an approximate exchange rate. As of my last training data, the exchange rate is roughly 1 USD = 1.35 CAD. However, exchange rates can fluctuate, so for the sake of this calculation, we'll use this approximate rate.\n\nHere are the conversions:\n\n- Minimum budget: $1500 USD * 1.35 = $2025 CAD\n- Maximum budget: $3000 USD * 1.35 = $4050 CAD\n\nSince the context does not specify whether the budget is hourly or fixed, we will assume it to be a fixed rate.\n\nHere is the response in the requested JSON format:\n\n```json\n{\n    \"min_budget_cad\": 2025.0,\n    \"max_budget_cad\": 4050.0,\n    \"rate_type\": \"fixed\"\n}\n```", "d4fabdaef7deb3f19b79d8515d9f95f7": "```json\n{\n    \"fit\": true,\n    \"reasons\": \"The freelancer has extensive experience in programming and game development, including specific projects that demonstrate relevant skills. Although the profile does not explicitly mention experience with Telegram's API, their strong background in mobile app development and creative problem-solving suggests they can adapt to the requirements of the job.\"\n}\n```", "e9f40d793f848e5c2f536e13887c882d": "```json\n{\n    \"estimated_time\": \"150 hours\",\n    \"assumptions\": \"The estimated time includes the design, development, and testing phases of an Android game tailored for Telegram. It assumes that the developer will have a clear understanding of the Telegram API and will require time for brainstorming and finalizing game mechanics with the client. This estimate also accounts for unexpected challenges during development and the need for potential revisions based on feedback.\"\n}\n```", "b91d06fd57233f27de790d660ccc6c7c": "[Your Name]  \n[Your Address]  \n[City, State, Zip Code]  \n[Your Email]  \n[Your Phone Number]  \n[Date]  \n\n[Client's Name]  \n[Client's Company]  \n[Client's Address]  \n[City, State, Zip Code]  \n\nDear [Client's Name],\n\nI am excited to apply for the mobile app expert position specializing in Android game development for Telegram. With over 35 years of coding experience and a strong focus on game development, I believe I am well-equipped to bring your game concept to life.\n\nMy extensive background includes developing diverse applications and games, such as the **BattleGrid**, a strategic 2D game, and **Rocket Finder**, an Android app that utilizes GPS technology. I have a proven track record of creative problem-solving and innovative thinking, which I believe will be invaluable in shaping the game you envision for Telegram. Additionally, my familiarity with various programming languages and technologies, including Java for Android development, positions me to tackle this project effectively.\n\nTo approach the task technically, I plan to leverage Telegram's API to create an engaging and interactive gaming experience. I will focus on developing a prototype that incorporates user feedback, ensuring the final product resonates with your target audience. My goal is to foster a collaborative environment where we can refine the game concept together, ensuring it meets both your vision and user expectations.\n\nI am genuinely enthusiastic about the opportunity to contribute to this project and collaborate with you. Please feel free to reach out at your convenience for further discussion.\n\nThank you for considering my application.\n\nBest regards,\n\n[Your Name]  \n[Your LinkedIn Profile or Website, if applicable]  \n[Your Contact Information]", "b87c514a765bc7ad22e6ca6d35a39769": "### Step-by-Step Plan for Developing a Mobile Game for Telegram\n\n#### Step 1: Understand Requirements and Scope\n- **Initial Consultation**: Schedule a meeting with the client to discuss their vision for the game. Understand their goals, target audience, and any specific features they envision.\n- **Define Game Concept**: Work collaboratively to brainstorm ideas for the game. Consider potential gameplay mechanics, themes, and styles that align with the Telegram platform.\n\n#### Step 2: Research and Feasibility Study\n- **Analyze Telegram's API**: Review the Telegram Bot API documentation to understand the capabilities and limitations related to game development.\n- **Market Research**: Investigate existing games on Telegram to identify trends, popular genres, and user preferences.\n- **Technical Feasibility**: Assess the technical requirements for developing the game on Android and integrating it with Telegram.\n\n#### Step 3: Game Design Document (GDD)\n- **Create a GDD**: Draft a comprehensive Game Design Document that outlines:\n  - **Game Concept**: Summary of the game idea, genre, and gameplay mechanics.\n  - **Target Audience**: Define who the game is for and what their interests may be.\n  - **Gameplay Mechanics**: Detailed explanation of how players will interact with the game.\n  - **Visual Style**: Describe the artistic direction, including graphics and animations.\n  - **Monetization Strategy**: If applicable, outline potential monetization methods (in-app purchases, ads, etc.).\n\n#### Step 4: Prototype Development\n- **Build a Prototype**: Develop a basic version of the game to test core mechanics and gameplay. This will help validate the concept and allow for early feedback.\n- **User Testing**: Conduct testing sessions with a small group of users to gather feedback on the prototype.\n\n#### Step 5: Iteration and Refinement\n- **Analyze Feedback**: Review feedback from user testing and identify areas for improvement.\n- **Iterate on Design**: Make necessary adjustments to gameplay mechanics, user interface, and overall user experience based on the feedback.\n\n#### Step 6: Full Game Development\n- **Set Up Development Environment**: Establish the development tools and environment for Android game development.\n- **Develop the Game**: Start the implementation of the full game, focusing on:\n  - **Programming**: Code the game logic and integrate it with Telegram's API.\n  - **Art and Audio**: Create or source graphics, animations, and sound effects.\n  - **Testing**: Regularly test", "dbf124529ec245590fed516d8abcbdb7": "To provide you with the requested JSON format, I need the budget details in another currency (for example, USD or EUR) so that I can convert it to CAD and determine if it is an hourly or fixed rate. Please provide the budget information.", "04d45eacaaa755e7e5998824248fc03f": "{\"assumptions\": \"Assuming an average recording time of 5 seconds per sentence, with 1040 sentences, the total recording time would be approximately 86 minutes and 40 seconds. This doesn't include time for setting up the recording environment, software download and setup, and any potential breaks.\", \"estimated_time\": \"Based on the assumptions, the estimated time to complete the recording tasks would be approximately 2 hours. This includes 86 minutes and 40 seconds for recording, 30 minutes for setup and breaks, and 10 minutes for uploading and submitting the recordings.\"}", "77168822537e378c66134d1e1d7576e4": "{\"max_budget_cad\": 5.36, \"min_budget_cad\": 4.29, \"rate_type\": \"hourly\"}", "f4176e9ec4740eacb072429844b57529": "{\"assumptions\": \"This estimation assumes the developer has access to a suitable dataset of printed and handwritten Telugu text, along with the necessary computational resources. The development process will involve data preprocessing, model training, evaluation, and optimization. The timeline may vary based on the complexity of the task, the size and quality of the dataset, and the developer's experience.\", \"estimated_time\": \"Developing a custom OCR model for Telugu text, including both printed and handwritten variations, can take several weeks to months. The time frame will depend on the complexity of the task, the size and quality of the dataset, the developer's experience, and the desired level of accuracy. A rough estimate could be 2-3 months for a basic model and 4-6 months for a highly accurate model. This includes data preparation, model training, evaluation, and fine-tuning.\"}", "e2a5c7e7d8ea84c609f49563e0b96856": "{\"max_budget_cad\": 57.54, \"min_budget_cad\": 24.58, \"rate_type\": \"fixed\"}", "b2745967114151f4208da197a562e016": "{\"assumptions\": \"This estimate assumes the following:\\n\\n*  The SQL Server database is accessible and well-structured, with clear transaction data fields.\\n* The API documentation for the target portal is readily available and detailed, including authentication methods and request/response formats.\\n* The transaction records are relatively simple in structure, without complex data transformations required.\\n*  Basic error handling and logging will be implemented for reliable operation.\", \"estimated_time\": \"The estimated time to complete the task is approximately 2-3 weeks, depending on the complexity of the data, API, and required automation level. This includes:\\n\\n*   **Week 1:** Analyzing the SQL Server database, understanding transaction records, and designing the data extraction process (1-2 days).\\n*   **Week 1:** Analyzing the API documentation, understanding authentication, request formats, and response structures (1-2 days).\\n*   **Week 1:** Developing the data extraction script using SQL Server, possibly with stored procedures, to retrieve transaction data (3-4 days).\\n*   **Week 2:** Building the API integration code in a suitable programming language (e.g., Python, Node.js), handling authentication, and formatting the transaction data into JSON (5-6 days).\\n*   **Week 2:** Testing the integration with the target portal, verifying data accuracy, and resolving any errors or inconsistencies (3-4 days).\\n*"}